Year,Start_date,ProfitLoss,GrossResult,Assets,AverageNumberOfEmployees,Equity,AddressOfReportingEntityPostCodeIdentifier
13,2011-01-01,-45422.0,6871.0,799936.0,0.0,778411.0,0.0
13,2012-01-01,67594.0,38895.0,907238.0,0.0,846005.0,0.0
14,2013-01-01,116945.0,106837.0,1260671.0,0.0,962950.0,2920.0
15,2014-01-01,0.0,94125.0,1284532.0,0.0,1128076.0,2920 Charlottenlund
16,2015-01-01,0.0,-155452.0,1878312.0,0.0,1032560.0,2920 Charlottenlund
18,2017-01-01,0.0,736568.0,1565803.0,0.0,1308167.0,2920 Charlottenlund
