Year,Start_date,ProfitLoss,GrossResult,Assets,AverageNumberOfEmployees,Equity,AddressOfReportingEntityPostCodeIdentifier
13,2011-01-01,-15038.0,0.0,2622545.0,0.0,0.0,0.0
13,2012-01-01,400733.0,0.0,0.0,0.0,125000.0,0.0
14,2013-01-01,259681.0,0.0,0.0,0.0,125000.0,9330  Dronninglund
15,2014-01-01,196788.0,0.0,0.0,0.0,125000.0,9330  Dronninglund
16,2015-01-01,584830.0,0.0,0.0,0.0,125000.0,9330 Dronninglund
18,2017-01-01,572540.0,136946.0,0.0,1.0,125000.0,9330 Dronninglund
19,2018-01-01,48980.0,158947.0,0.0,1.0,125000.0,9370 Hals
