Year,Start_date,ProfitLoss,GrossResult,Assets,AverageNumberOfEmployees,Equity,AddressOfReportingEntityPostCodeIdentifier
15,2013-04-24,-22912.0,-17182.0,0.0,0.0,80000.0,9210  Aalborg SÃ
15,2013-04-24,-22912.0,-17182.0,0.0,0.0,80000.0,9210  Aalborg SÃ
16,2014-10-01,-117029.0,-80769.0,0.0,0.0,80000.0,9210 Aalborg SÃ
17,2015-10-01,-12447.0,-64704.0,0.0,0.0,80000.0,9210 Aalborg SÃ
18,2016-10-01,-19029.0,4294.0,0.0,1.0,80000.0,9210 Aalborg SÃ
19,2017-10-01,5648.0,10394.0,0.0,0.0,80000.0,0.0
