Year,Start_date,ProfitLoss,GrossResult,Assets,AverageNumberOfEmployees,Equity,AddressOfReportingEntityPostCodeIdentifier
13,2011-01-01,0.0,0.0,1588750.0,0.0,1581250.0,2800 Kongens Lyngby
13,2012-01-01,0.0,0.0,1588750.0,0.0,1560000.0,2800 Kongens Lyngby
14,2013-01-01,0.0,0.0,1590781.0,0.0,1551819.0,2800 Kongens Lyngby
15,2014-01-01,0.0,0.0,1588768.0,0.0,1544947.0,2800 Kongens Lyngby
16,2015-01-01,0.0,0.0,1589316.0,0.0,1533440.0,2800 Kongens Lyngby
17,2016-01-01,0.0,0.0,1629302.0,0.0,1564701.0,2800 Kongens Lyngby
