_id,_index,_score,cvrNummer,AARSRAPPORT_html,AARSRAPPORT_pdf,AARSRAPPORT_xml,indlaesningsId,indlaesningsTidspunkt,offentliggoerelsesTidspunkt,offentliggoerelsestype,omgoerelse,regNummer,regnskabsperiode_slutDato,regnskabsperiode_startDato,sagsNummer,sidstOpdateret
urn:ofk:oid:21852925,indberetninger-20180424,2.5969775,32932878,http://regnskaber.virk.dk/87823923/ZG9rdW1lbnRsYWdlcjovLzAzLzNjLzk2LzU4LzlhLzY4ZWUtNGYwMy04OWI5LWE4ZDYwM2FhMTAyNA.xhtml,http://regnskaber.virk.dk/87823923/ZG9rdW1lbnRsYWdlcjovLzAzLzk3LzQxL2VmLzNjL2M1MTUtNGM5Ny05OTc2LTc4OTFjMjZlNGExNA.pdf,http://regnskaber.virk.dk/87823923/ZG9rdW1lbnRsYWdlcjovLzAzL2RiLzU3LzhkLzBjL2I0MTYtNGExMy04ZjAyLWRmYmM3YTdkZWJkYg.xml,,2018-03-28T14:53:37.288Z,2016-01-01T07:31:43.709Z,regnskab,0.0,,2015-12-31,2015-01-01,X15-AH-48-XR,2016-01-01T07:31:43.856Z
urn:ofk:oid:21852985,indberetninger-20180424,2.5969775,35833846,http://regnskaber.virk.dk/64833853/ZG9rdW1lbnRsYWdlcjovLzAzLzg3LzgxLzdkL2FjL2YyNzUtNDc5NS04MmQwLTY3OGQ3NTY0ZmJhNg.xhtml,http://regnskaber.virk.dk/64833853/ZG9rdW1lbnRsYWdlcjovLzAzLzlkL2IwL2Y2LzY4LzQ3NjEtNDUxMi1hMTNiLTFjYjY2MGI2YzExZA.pdf,http://regnskaber.virk.dk/64833853/ZG9rdW1lbnRsYWdlcjovLzAzL2Q1LzM4LzBjLzhmLzg1NzAtNDBmMS04ZWQzLTFhNWE5OWNmNTJkNA.xml,,2018-03-28T14:53:46.248Z,2016-01-01T13:12:41.659Z,regnskab,0.0,,2015-06-30,2014-02-24,X15-AK-33-RT,2016-01-01T13:12:41.881Z
urn:ofk:oid:21853012,indberetninger-20180424,2.5969775,20053771,http://regnskaber.virk.dk/17735002/ZG9rdW1lbnRsYWdlcjovLzAzL2ZhLzJhLzExL2MzL2E3M2QtNGEzMS05NzM1LWMwNjk0ZDAyYjU0NA.xhtml,http://regnskaber.virk.dk/17735002/ZG9rdW1lbnRsYWdlcjovLzAzLzlkLzEzLzFlL2RiL2M3OTUtNDFhMS1hMjQ1LWZjNjJhZDFlNzJkZA.pdf,http://regnskaber.virk.dk/17735002/ZG9rdW1lbnRsYWdlcjovLzAzL2Q2LzdiLzYyLzg2L2I1OWYtNDBiMC1iMWNlLTg1YmJlNjEzNjFlZQ.xml,,2018-03-28T14:53:51.553Z,2016-01-01T14:41:41.600Z,regnskab,0.0,,2015-06-30,2014-07-01,X16-AM-66-SM,2016-01-01T14:41:41.839Z
urn:ofk:oid:21852993,indberetninger-20180424,2.5969775,20345799,http://regnskaber.virk.dk/99754302/ZG9rdW1lbnRsYWdlcjovLzAzLzBiLzMzL2E4LzNmLzY2M2YtNDMyOC1hMGUzLTNlOWM0NzFkNWFhOQ.xhtml,http://regnskaber.virk.dk/99754302/ZG9rdW1lbnRsYWdlcjovLzAzLzcxLzQ2LzBkLzMzL2RkOWEtNDUwMy04NDUwLWY1NGU5MzlhNjYyYQ.pdf,http://regnskaber.virk.dk/99754302/ZG9rdW1lbnRsYWdlcjovLzAzLzczL2FjLzQwL2M4Lzc0ZTEtNGM1Zi1hNDcyLTRkYTMzZThkMTljNQ.xml,,2018-03-28T14:53:47.838Z,2016-01-01T13:40:41.560Z,regnskab,0.0,,2015-12-31,2015-01-01,X16-AM-66-MZ,2016-01-01T13:40:41.724Z
urn:ofk:oid:21853113,indberetninger-20180424,2.5969775,31474868,http://regnskaber.virk.dk/86847413/ZG9rdW1lbnRsYWdlcjovLzAzLzc1L2U1LzNlLzRiL2FmMDAtNGVlYS05ZDMzLWMzM2YxMTQxOWY2ZQ.xhtml,http://regnskaber.virk.dk/86847413/ZG9rdW1lbnRsYWdlcjovLzAzL2JjL2Y4LzkwLzE1LzNlNzMtNDM1Zi04MTNiLWVjOGYzYzJhN2IyMQ.pdf,http://regnskaber.virk.dk/86847413/ZG9rdW1lbnRsYWdlcjovLzAzL2NiLzAyLzFkL2IxL2E1NjgtNDFiZC1hNTNmLWQ0YzNiOTliNWU0Mw.xml,,2018-03-28T14:54:03.285Z,2016-01-01T20:29:43.504Z,regnskab,0.0,,2015-12-31,2015-01-01,X15-AK-09-FC,2016-01-01T20:29:43.667Z
urn:ofk:oid:21852921,indberetninger-20180424,2.5969775,10465133,http://regnskaber.virk.dk/33156401/ZG9rdW1lbnRsYWdlcjovLzAzL2ViLzQ3LzAyLzQ4Lzk1YTgtNDYwZi04MWY3LWYwZTUyODA3MWQ0Mg.xhtml,http://regnskaber.virk.dk/33156401/ZG9rdW1lbnRsYWdlcjovLzAzLzU2LzE1LzM4L2M0L2RkNzctNDk1YS1hODRkLTNhZDczNzRjZWU0MA.pdf,http://regnskaber.virk.dk/33156401/ZG9rdW1lbnRsYWdlcjovLzAzLzFmL2E0LzMwLzk2Lzc3ZDctNGY1ZC1hMGMyLTMyY2M0YWQ5OGUyNg.xml,,2018-03-28T14:53:35.715Z,2016-01-01T07:29:41.688Z,regnskab,0.0,,2015-12-31,2015-01-01,X15-AF-88-KS,2016-01-01T07:29:41.824Z
urn:ofk:oid:21852947,indberetninger-20180424,2.5969775,29213399,http://regnskaber.virk.dk/99331292/ZG9rdW1lbnRsYWdlcjovLzAzLzUyLzMyL2E3LzkwLzUyMzMtNDk1Ny1hYmIwLWJhYzIwMzE2NzAyMA.xhtml,http://regnskaber.virk.dk/99331292/ZG9rdW1lbnRsYWdlcjovLzAzL2Q0LzRlLzZkLzAxLzI2ODAtNDZmMS05NTM4LWMwZWRiMzVlMmIyZQ.pdf,http://regnskaber.virk.dk/99331292/ZG9rdW1lbnRsYWdlcjovLzAzL2QzL2RkLzAwLzgxL2ZhNDktNDY3ZC1iZjU2LTc4N2RjMmM4NTM0OA.xml,,2018-03-28T14:53:42.421Z,2016-01-01T11:10:42.211Z,regnskab,0.0,,2015-06-30,2014-07-01,X16-AM-66-AJ,2016-01-01T11:10:42.437Z
urn:ofk:oid:21852964,indberetninger-20180424,2.5969775,29824266,http://regnskaber.virk.dk/66242892/ZG9rdW1lbnRsYWdlcjovLzAzL2U5L2ZiLzljL2Q2L2Y2N2EtNGI2ZS05OTIwLWI1YTE4MTk5YWU3ZQ.xhtml,http://regnskaber.virk.dk/66242892/ZG9rdW1lbnRsYWdlcjovLzAzLzdjLzg4L2NhLzRjL2YzNjItNDg0MS1iYmQ0LTAwYzAzMGNhZWEzYw.pdf,http://regnskaber.virk.dk/66242892/ZG9rdW1lbnRsYWdlcjovLzAzLzRlLzhiLzA2L2JlLzU0YmItNDlhOC05ZDA1LTdjZGM0MWMwYWNjOQ.xml,,2018-03-28T14:53:44.161Z,2016-01-01T12:11:41.592Z,regnskab,0.0,,2015-12-31,2015-01-01,X16-AM-66-HE,2016-01-01T12:11:41.725Z
urn:ofk:oid:21853087,indberetninger-20180424,2.5969775,29510199,http://regnskaber.virk.dk/99101592/ZG9rdW1lbnRsYWdlcjovLzAzLzQxL2I4LzI1LzJmLzdkNWMtNGViZi1hOWYzLTAzNjhlOGQyN2NlNQ.xhtml,http://regnskaber.virk.dk/99101592/ZG9rdW1lbnRsYWdlcjovLzAzL2E2L2JmL2M5L2IzL2Q5ZmMtNDEyYS05NDU5LTZlOTdkNjNmODM1ZA.pdf,http://regnskaber.virk.dk/99101592/ZG9rdW1lbnRsYWdlcjovLzAzL2NiLzUwLzZjL2JiLzJkMzMtNDlkOS04Nzc5LTE2MmQxNDZlM2Q4Mg.xml,,2018-03-28T14:54:00.818Z,2016-01-01T18:03:41.617Z,regnskab,0.0,,2015-09-30,2014-10-01,X16-AM-67-BM,2016-01-01T18:03:41.767Z
urn:ofk:oid:21852917,indberetninger-20180424,2.5963147,28978901,http://regnskaber.virk.dk/10987982/ZG9rdW1lbnRsYWdlcjovLzAzLzBhLzhiLzNjLzU1L2Q0OWQtNDVjMi1hMWE4LTIzYzMzYWU5MDBhMA.xhtml,http://regnskaber.virk.dk/10987982/ZG9rdW1lbnRsYWdlcjovLzAzL2IwLzNhL2Y2LzNiL2RjM2UtNGM0NS05YzgyLTA0NzJkN2MwZDEwNw.pdf,http://regnskaber.virk.dk/10987982/ZG9rdW1lbnRsYWdlcjovLzAzLzZjLzE5L2JiL2M0Lzg3ZDgtNGMxYS04MzI2LTRlNzQ5OWVkNDMzNw.xml,,2018-03-28T14:53:34.187Z,2016-01-01T07:25:43.513Z,regnskab,0.0,,2015-12-31,2015-01-01,X15-AM-11-YN,2016-01-01T07:26:39.172Z
urn:ofk:oid:21852905,indberetninger-20180424,2.5963147,25512294,http://regnskaber.virk.dk/49221552/ZG9rdW1lbnRsYWdlcjovLzAzLzJjLzI4L2E4LzBkL2ZkYjctNDE2NC1iOWVmLTE3OGQ3MTFjZjQ5Yg.xhtml,http://regnskaber.virk.dk/49221552/ZG9rdW1lbnRsYWdlcjovLzAzL2M0LzliLzhjLzlkLzljODEtNGU1MC04Y2Y0LWQzNDVkYzgxOWZiYw.pdf,http://regnskaber.virk.dk/49221552/ZG9rdW1lbnRsYWdlcjovLzAzLzlkLzQxLzUzLzE1LzNjNjQtNDMwOC1iNDUzLTA0MTJiZGRiOThjMQ.xml,,2018-03-28T14:53:29.902Z,2016-01-01T07:18:41.649Z,regnskab,0.0,,2015-12-31,2015-01-01,X15-AM-12-FA,2016-01-01T07:18:41.781Z
urn:ofk:oid:21852909,indberetninger-20180424,2.5963147,25512448,http://regnskaber.virk.dk/84421552/ZG9rdW1lbnRsYWdlcjovLzAzLzk2LzVhL2QzLzZhLzI4YjAtNDk0MS1iZTdjLWIyZmRhN2FjNjQ0ZA.xhtml,http://regnskaber.virk.dk/84421552/ZG9rdW1lbnRsYWdlcjovLzAzLzY3L2YxLzVhLzRmLzQ3YWItNDYzNC1hNGZkLWNiYzkyZjY1NzRhMw.pdf,http://regnskaber.virk.dk/84421552/ZG9rdW1lbnRsYWdlcjovLzAzL2VhLzMwL2ZkL2VlLzNlY2MtNDU2NS05ZDUwLWM0NDgwOTBkY2Y5Nw.xml,,2018-03-28T14:53:31.336Z,2016-01-01T07:21:44.295Z,regnskab,0.0,,2015-12-31,2015-01-01,X15-AM-12-DA,2016-01-01T07:21:44.478Z
urn:ofk:oid:21852913,indberetninger-20180424,2.5963147,28711395,http://regnskaber.virk.dk/59311782/ZG9rdW1lbnRsYWdlcjovLzAzLzA3L2FhL2E1L2QyLzA2N2MtNDk5Yi05N2JjLWQwNmZhYzgwOGI1NA.xhtml,http://regnskaber.virk.dk/59311782/ZG9rdW1lbnRsYWdlcjovLzAzLzBiL2I3L2JhLzY4L2IwMGYtNDUwZC1hNzc5LThlMTQxOTM4YTVhMw.pdf,http://regnskaber.virk.dk/59311782/ZG9rdW1lbnRsYWdlcjovLzAzLzQzLzNmL2UwLzE2LzZiMjQtNGFjMC05MTA3LTA3YWI2N2YwZjJiMw.xml,,2018-03-28T14:53:32.816Z,2016-01-01T07:24:41.938Z,regnskab,0.0,,2015-12-31,2015-01-01,X15-AM-12-AB,2016-01-01T07:24:42.206Z
urn:ofk:oid:21853030,indberetninger-20180424,2.5963147,19173607,http://regnskaber.virk.dk/70637191/ZG9rdW1lbnRsYWdlcjovLzAzLzkxLzYyLzNjLzRmLzlhYmQtNGE2Ni1hMTY0LWVjZmZlMWUxM2FiMA.xhtml,http://regnskaber.virk.dk/70637191/ZG9rdW1lbnRsYWdlcjovLzAzLzQ5LzFkLzk3LzU0LzE4MDMtNDNjNi04OTc3LWMxN2U1YmRhNWZkNw.pdf,http://regnskaber.virk.dk/70637191/ZG9rdW1lbnRsYWdlcjovLzAzL2NmLzQ3Lzk3L2ZmLzA3NjUtNDM2ZS05NTM3LTAyY2UzNGJhODJkZQ.xml,,2018-03-28T14:53:54.208Z,2016-01-01T15:07:42.230Z,regnskab,0.0,,2015-12-31,2015-01-01,X16-AM-66-SY,2016-01-01T15:07:42.371Z
urn:ofk:oid:21853119,indberetninger-20180424,2.5963147,10153565,http://regnskaber.virk.dk/56535101/ZG9rdW1lbnRsYWdlcjovLzAzLzNjLzVlLzZlLzEwLzg2Y2MtNGYzZC1hMGI4LWFlNjZjNTE1ZWVkOA.xhtml,http://regnskaber.virk.dk/56535101/ZG9rdW1lbnRsYWdlcjovLzAzLzNkL2MwL2EzL2U5LzI1Y2MtNGM5NS1hNDJiLTdmYTk1OTUxNTI4MA.pdf,http://regnskaber.virk.dk/56535101/ZG9rdW1lbnRsYWdlcjovLzAzL2UwLzkyL2E3L2Q0LzJjMGItNDFiYy04Y2ZhLWIwZTM3NDAzOGNmYg.xml,,2018-03-28T14:54:04.552Z,2016-01-01T21:02:42.003Z,regnskab,0.0,,2015-07-31,2014-08-01,X15-AM-63-SG,2016-01-01T21:02:42.163Z
urn:ofk:oid:21853024,indberetninger-20180424,2.59408,36086211,http://regnskaber.virk.dk/11268063/ZG9rdW1lbnRsYWdlcjovLzAzLzNhLzQ3L2I0Lzg1LzQ5ZmUtNGM1Yy05NzEzLThmZGZmMmE0MzhlNw.xhtml,http://regnskaber.virk.dk/11268063/ZG9rdW1lbnRsYWdlcjovLzAzL2Y1L2U3LzgzL2QxL2JhZDQtNDEyMy04OTg0LWQwMGE2NzRlYTU2Nw.pdf,http://regnskaber.virk.dk/11268063/ZG9rdW1lbnRsYWdlcjovLzAzL2QyL2I4L2ZkLzA1L2I0OTktNDQ0MC1iNDEwLWVkMTc5MmJlZGQwNA.xml,,2018-03-28T14:53:52.844Z,2016-01-01T15:06:41.670Z,regnskab,0.0,,2015-12-31,2015-01-01,X16-AM-66-TD,2016-01-01T15:06:42.185Z
urn:ofk:oid:21853091,indberetninger-20180424,2.59408,36025298,http://regnskaber.virk.dk/89252063/ZG9rdW1lbnRsYWdlcjovLzAzLzZjL2QxLzRlL2Q1LzdkMTYtNGM1ZC05NDIzLTlkNGI2NmQzMzY1Nw.xhtml,http://regnskaber.virk.dk/89252063/ZG9rdW1lbnRsYWdlcjovLzAzLzRhL2VkLzg2L2M2L2U2MzYtNGU1My04ZTgyLTEwZWRhYWZlNjViNQ.pdf,http://regnskaber.virk.dk/89252063/ZG9rdW1lbnRsYWdlcjovLzAzL2M4LzA5LzMwLzg5LzhiYWUtNGFlNi04NjczLWU3MmRmNWVmNTFlNg.xml,,2018-03-28T14:54:02.012Z,2016-01-01T18:13:41.701Z,regnskab,0.0,,2015-09-30,2014-06-30,X16-AM-67-DD,2016-01-01T18:13:41.821Z
urn:ofk:oid:21853008,indberetninger-20180424,2.59408,32566243,http://regnskaber.virk.dk/34266523/ZG9rdW1lbnRsYWdlcjovLzAzL2E4LzY4L2IxLzM2L2NhZTUtNDI5Ni1hYmI1LWNmYWE1MzE5MWM4OA.xhtml,http://regnskaber.virk.dk/34266523/ZG9rdW1lbnRsYWdlcjovLzAzLzUyLzdjLzU2LzI1L2I4MjctNGU0Ni1hNjA3LTY5YjliYTE4MWQ4ZA.pdf,http://regnskaber.virk.dk/34266523/ZG9rdW1lbnRsYWdlcjovLzAzL2FjL2ZjLzc0LzM2LzQxYzItNGZiMi1iZGNmLTM4MjcyY2I1MTM2NQ.xml,,2018-03-28T14:53:50.469Z,2016-01-01T14:37:43.453Z,regnskab,0.0,,2015-09-30,2014-10-01,X16-AM-66-RQ,2016-01-01T14:37:43.585Z
urn:ofk:oid:21853135,indberetninger-20180424,2.59408,36073322,http://regnskaber.virk.dk/22337063/ZG9rdW1lbnRsYWdlcjovLzAzL2I3LzdkL2ExLzBjL2Y4ZmYtNDdiZS1hNTEwLTJkNzgyZGQyOGY4YQ.xhtml,http://regnskaber.virk.dk/22337063/ZG9rdW1lbnRsYWdlcjovLzAzL2UxLzkyL2Y4L2M1LzIwMzgtNDE2ZS1hNjYyLTI5ZWMwYzAwNzBjOQ.pdf,http://regnskaber.virk.dk/22337063/ZG9rdW1lbnRsYWdlcjovLzAzLzM2L2VhL2Y1LzU5LzcyM2YtNDJiZS1iNDdjLTZlZTk2MzVjOTQ1OQ.xml,,2018-03-28T14:54:06.570Z,2016-01-01T23:21:42.982Z,regnskab,0.0,,2015-06-30,2014-08-20,X15-AM-20-TS,2016-01-01T23:21:43.613Z
urn:ofk:oid:21852929,indberetninger-20180424,2.59408,34080852,http://regnskaber.virk.dk/25808043/ZG9rdW1lbnRsYWdlcjovLzAzLzk0LzFjL2RjLzE2LzI1ZmMtNDBiZC04ZTVmLWE1YWIwODliYjY4Yw.xhtml,http://regnskaber.virk.dk/25808043/ZG9rdW1lbnRsYWdlcjovLzAzLzA3LzZhLzVjL2FhLzJjYjgtNDYyNy04Zjc4LTY2MTQ5NTFiYmYwZA.pdf,http://regnskaber.virk.dk/25808043/ZG9rdW1lbnRsYWdlcjovLzAzL2VkLzA1LzI1LzBmLzg2ZTYtNDc3OC04OTc1LWQzNmY3OTJkYmVlZg.xml,,2018-03-28T14:53:39.421Z,2016-01-01T07:33:41.644Z,regnskab,0.0,,2015-12-31,2015-01-01,X15-AF-88-HJ,2016-01-01T07:33:41.865Z
urn:ofk:oid:21853075,indberetninger-20180424,2.5138173,31853370,,http://regnskaber.virk.dk/07335813/ZG9rdW1lbnRsYWdlcjovLzAzL2VjLzA4LzI0L2Y2LzJjNTctNGVlMy1iMDZkLWRmZjZhYzA5ZTZmNg.pdf,http://regnskaber.virk.dk/07335813/ZG9rdW1lbnRsYWdlcjovLzAzLzlmL2I1LzNhLzIxLzNmNjktNGRmMi04NTlmLTdmODYwYzg0NDY5Yg.xml,,2018-03-28T14:53:55.455Z,2016-01-01T17:08:41.721Z,regnskab,0.0,,2015-09-30,2014-10-01,X16-AM-67-AS,2016-01-01T17:08:41.817Z
urn:ofk:oid:21853084,indberetninger-20180424,2.5138173,29917795,,http://regnskaber.virk.dk/59771992/ZG9rdW1lbnRsYWdlcjovLzAzLzhkLzE4LzMyLzllLzEwMTItNGU2ZC1hOTQ2LWE2NDcwY2U0OGQ3NA.pdf,http://regnskaber.virk.dk/59771992/ZG9rdW1lbnRsYWdlcjovLzAzLzY3LzA4L2NhLzAwL2MxN2EtNDgyMS04ZTljLTQ0MTg2OWMzMjUzYQ.xml,,2018-03-28T14:53:59.312Z,2016-01-01T17:11:41.635Z,regnskab,0.0,,2015-09-30,2014-10-01,X16-AM-67-AY,2016-01-01T17:11:41.769Z
urn:ofk:oid:21853081,indberetninger-20180424,2.5109982,29918163,,http://regnskaber.virk.dk/36181992/ZG9rdW1lbnRsYWdlcjovLzAzLzgwL2MxLzI2L2JiLzZlMjQtNDQ5NS1hODBhLWQyZjFjNDE1MDY3ZQ.pdf,http://regnskaber.virk.dk/36181992/ZG9rdW1lbnRsYWdlcjovLzAzLzFiLzY0L2UxLzAwLzliYTQtNGRiMy1iMjBiLWM1ZThlOWE3NzE0ZA.xml,,2018-03-28T14:53:58.084Z,2016-01-01T17:10:41.656Z,regnskab,0.0,,2015-09-30,2014-10-01,X16-AM-67-AW,2016-01-01T17:10:41.753Z
urn:ofk:oid:21853078,indberetninger-20180424,2.5109982,31361737,,http://regnskaber.virk.dk/73716313/ZG9rdW1lbnRsYWdlcjovLzAzL2QxLzhmL2U0L2E4L2NlY2MtNDRmMC05NTZlLTg4NzQ3NWI3NzQyMg.pdf,http://regnskaber.virk.dk/73716313/ZG9rdW1lbnRsYWdlcjovLzAzLzg5LzQwL2M4L2E5LzA5ZGYtNDk5MC1iMWZiLWQzZWIyMDhhNzY2Nw.xml,,2018-03-28T14:53:56.814Z,2016-01-01T17:09:41.612Z,regnskab,0.0,,2015-09-30,2014-10-01,X16-AM-67-AU,2016-01-01T17:09:41.770Z
urn:ofk:oid:21853000,indberetninger-20180424,2.5109982,37198390,,http://regnskaber.virk.dk/09389173/ZG9rdW1lbnRsYWdlcjovLzAzLzkyLzRiL2EwLzU5LzY3YmQtNGJhMC05ZjhkLTIyZTk0NDQ0N2Q3NA.pdf,http://regnskaber.virk.dk/09389173/ZG9rdW1lbnRsYWdlcjovLzAzL2I5LzBlLzIxL2E4L2Q2OWMtNDhjMS05OTE1LWJmY2E2Y2E2MDRiMg.xml,,2018-03-28T14:53:49.234Z,2016-01-01T13:51:41.911Z,regnskab,0.0,,2015-12-31,2015-11-01,X16-AM-66-QG,2016-01-01T13:51:42.079Z
