{"took": 4, "timed_out": false, "_shards": {"total": 3, "successful": 3, "skipped": 0, "failed": 0}, "hits": {"total": 25, "max_score": 2.5969775, "hits": [{"_index": "indberetninger-20180424", "_type": "_doc", "_id": "urn:ofk:oid:21852925", "_score": 2.5969775, "_source": {"indlaesningsId": null, "sagsNummer": "X15-AH-48-XR", "regnskab": {"regnskabsperiode": {"slutDato": "2015-12-31", "startDato": "2015-01-01"}}, "sidstOpdateret": "2016-01-01T07:31:43.856Z", "cvrNummer": 32932878, "dokumenter": [{"dokumentType": "AARSRAPPORT", "dokumentMimeType": "application/xml", "dokumentUrl": "http://regnskaber.virk.dk/87823923/ZG9rdW1lbnRsYWdlcjovLzAzL2RiLzU3LzhkLzBjL2I0MTYtNGExMy04ZjAyLWRmYmM3YTdkZWJkYg.xml"}, {"dokumentType": "AARSRAPPORT", "dokumentMimeType": "application/xhtml+xml", "dokumentUrl": "http://regnskaber.virk.dk/87823923/ZG9rdW1lbnRsYWdlcjovLzAzLzNjLzk2LzU4LzlhLzY4ZWUtNGYwMy04OWI5LWE4ZDYwM2FhMTAyNA.xhtml"}, {"dokumentType": "AARSRAPPORT", "dokumentMimeType": "application/pdf", "dokumentUrl": "http://regnskaber.virk.dk/87823923/ZG9rdW1lbnRsYWdlcjovLzAzLzk3LzQxL2VmLzNjL2M1MTUtNGM5Ny05OTc2LTc4OTFjMjZlNGExNA.pdf"}], "regNummer": null, "indlaesningsTidspunkt": "2018-03-28T14:53:37.288Z", "offentliggoerelsesTidspunkt": "2016-01-01T07:31:43.709Z", "omgoerelse": false, "offentliggoerelsestype": "regnskab"}}, {"_index": "indberetninger-20180424", "_type": "_doc", "_id": "urn:ofk:oid:21852985", "_score": 2.5969775, "_source": {"indlaesningsId": null, "sagsNummer": "X15-AK-33-RT", "regnskab": {"regnskabsperiode": {"slutDato": "2015-06-30", "startDato": "2014-02-24"}}, "sidstOpdateret": "2016-01-01T13:12:41.881Z", "cvrNummer": 35833846, "dokumenter": [{"dokumentType": "AARSRAPPORT", "dokumentMimeType": "application/xml", "dokumentUrl": "http://regnskaber.virk.dk/64833853/ZG9rdW1lbnRsYWdlcjovLzAzL2Q1LzM4LzBjLzhmLzg1NzAtNDBmMS04ZWQzLTFhNWE5OWNmNTJkNA.xml"}, {"dokumentType": "AARSRAPPORT", "dokumentMimeType": "application/pdf", "dokumentUrl": "http://regnskaber.virk.dk/64833853/ZG9rdW1lbnRsYWdlcjovLzAzLzlkL2IwL2Y2LzY4LzQ3NjEtNDUxMi1hMTNiLTFjYjY2MGI2YzExZA.pdf"}, {"dokumentType": "AARSRAPPORT", "dokumentMimeType": "application/xhtml+xml", "dokumentUrl": "http://regnskaber.virk.dk/64833853/ZG9rdW1lbnRsYWdlcjovLzAzLzg3LzgxLzdkL2FjL2YyNzUtNDc5NS04MmQwLTY3OGQ3NTY0ZmJhNg.xhtml"}], "regNummer": null, "indlaesningsTidspunkt": "2018-03-28T14:53:46.248Z", "offentliggoerelsesTidspunkt": "2016-01-01T13:12:41.659Z", "omgoerelse": false, "offentliggoerelsestype": "regnskab"}}, {"_index": "indberetninger-20180424", "_type": "_doc", "_id": "urn:ofk:oid:21853012", "_score": 2.5969775, "_source": {"indlaesningsId": null, "sagsNummer": "X16-AM-66-SM", "regnskab": {"regnskabsperiode": {"slutDato": "2015-06-30", "startDato": "2014-07-01"}}, "sidstOpdateret": "2016-01-01T14:41:41.839Z", "cvrNummer": 20053771, "dokumenter": [{"dokumentType": "AARSRAPPORT", "dokumentMimeType": "application/xhtml+xml", "dokumentUrl": "http://regnskaber.virk.dk/17735002/ZG9rdW1lbnRsYWdlcjovLzAzL2ZhLzJhLzExL2MzL2E3M2QtNGEzMS05NzM1LWMwNjk0ZDAyYjU0NA.xhtml"}, {"dokumentType": "AARSRAPPORT", "dokumentMimeType": "application/pdf", "dokumentUrl": "http://regnskaber.virk.dk/17735002/ZG9rdW1lbnRsYWdlcjovLzAzLzlkLzEzLzFlL2RiL2M3OTUtNDFhMS1hMjQ1LWZjNjJhZDFlNzJkZA.pdf"}, {"dokumentType": "AARSRAPPORT", "dokumentMimeType": "application/xml", "dokumentUrl": "http://regnskaber.virk.dk/17735002/ZG9rdW1lbnRsYWdlcjovLzAzL2Q2LzdiLzYyLzg2L2I1OWYtNDBiMC1iMWNlLTg1YmJlNjEzNjFlZQ.xml"}], "regNummer": null, "indlaesningsTidspunkt": "2018-03-28T14:53:51.553Z", "offentliggoerelsesTidspunkt": "2016-01-01T14:41:41.600Z", "omgoerelse": false, "offentliggoerelsestype": "regnskab"}}, {"_index": "indberetninger-20180424", "_type": "_doc", "_id": "urn:ofk:oid:21852993", "_score": 2.5969775, "_source": {"indlaesningsId": null, "sagsNummer": "X16-AM-66-MZ", "regnskab": {"regnskabsperiode": {"slutDato": "2015-12-31", "startDato": "2015-01-01"}}, "sidstOpdateret": "2016-01-01T13:40:41.724Z", "cvrNummer": 20345799, "dokumenter": [{"dokumentType": "AARSRAPPORT", "dokumentMimeType": "application/pdf", "dokumentUrl": "http://regnskaber.virk.dk/99754302/ZG9rdW1lbnRsYWdlcjovLzAzLzcxLzQ2LzBkLzMzL2RkOWEtNDUwMy04NDUwLWY1NGU5MzlhNjYyYQ.pdf"}, {"dokumentType": "AARSRAPPORT", "dokumentMimeType": "application/xml", "dokumentUrl": "http://regnskaber.virk.dk/99754302/ZG9rdW1lbnRsYWdlcjovLzAzLzczL2FjLzQwL2M4Lzc0ZTEtNGM1Zi1hNDcyLTRkYTMzZThkMTljNQ.xml"}, {"dokumentType": "AARSRAPPORT", "dokumentMimeType": "application/xhtml+xml", "dokumentUrl": "http://regnskaber.virk.dk/99754302/ZG9rdW1lbnRsYWdlcjovLzAzLzBiLzMzL2E4LzNmLzY2M2YtNDMyOC1hMGUzLTNlOWM0NzFkNWFhOQ.xhtml"}], "regNummer": null, "indlaesningsTidspunkt": "2018-03-28T14:53:47.838Z", "offentliggoerelsesTidspunkt": "2016-01-01T13:40:41.560Z", "omgoerelse": false, "offentliggoerelsestype": "regnskab"}}, {"_index": "indberetninger-20180424", "_type": "_doc", "_id": "urn:ofk:oid:21853113", "_score": 2.5969775, "_source": {"indlaesningsId": null, "sagsNummer": "X15-AK-09-FC", "regnskab": {"regnskabsperiode": {"slutDato": "2015-12-31", "startDato": "2015-01-01"}}, "sidstOpdateret": "2016-01-01T20:29:43.667Z", "cvrNummer": 31474868, "dokumenter": [{"dokumentType": "AARSRAPPORT", "dokumentMimeType": "application/xhtml+xml", "dokumentUrl": "http://regnskaber.virk.dk/86847413/ZG9rdW1lbnRsYWdlcjovLzAzLzc1L2U1LzNlLzRiL2FmMDAtNGVlYS05ZDMzLWMzM2YxMTQxOWY2ZQ.xhtml"}, {"dokumentType": "AARSRAPPORT", "dokumentMimeType": "application/pdf", "dokumentUrl": "http://regnskaber.virk.dk/86847413/ZG9rdW1lbnRsYWdlcjovLzAzL2JjL2Y4LzkwLzE1LzNlNzMtNDM1Zi04MTNiLWVjOGYzYzJhN2IyMQ.pdf"}, {"dokumentType": "AARSRAPPORT", "dokumentMimeType": "application/xml", "dokumentUrl": "http://regnskaber.virk.dk/86847413/ZG9rdW1lbnRsYWdlcjovLzAzL2NiLzAyLzFkL2IxL2E1NjgtNDFiZC1hNTNmLWQ0YzNiOTliNWU0Mw.xml"}], "regNummer": null, "indlaesningsTidspunkt": "2018-03-28T14:54:03.285Z", "offentliggoerelsesTidspunkt": "2016-01-01T20:29:43.504Z", "omgoerelse": false, "offentliggoerelsestype": "regnskab"}}, {"_index": "indberetninger-20180424", "_type": "_doc", "_id": "urn:ofk:oid:21852921", "_score": 2.5969775, "_source": {"indlaesningsId": null, "sagsNummer": "X15-AF-88-KS", "regnskab": {"regnskabsperiode": {"slutDato": "2015-12-31", "startDato": "2015-01-01"}}, "sidstOpdateret": "2016-01-01T07:29:41.824Z", "cvrNummer": 10465133, "dokumenter": [{"dokumentType": "AARSRAPPORT", "dokumentMimeType": "application/pdf", "dokumentUrl": "http://regnskaber.virk.dk/33156401/ZG9rdW1lbnRsYWdlcjovLzAzLzU2LzE1LzM4L2M0L2RkNzctNDk1YS1hODRkLTNhZDczNzRjZWU0MA.pdf"}, {"dokumentType": "AARSRAPPORT", "dokumentMimeType": "application/xhtml+xml", "dokumentUrl": "http://regnskaber.virk.dk/33156401/ZG9rdW1lbnRsYWdlcjovLzAzL2ViLzQ3LzAyLzQ4Lzk1YTgtNDYwZi04MWY3LWYwZTUyODA3MWQ0Mg.xhtml"}, {"dokumentType": "AARSRAPPORT", "dokumentMimeType": "application/xml", "dokumentUrl": "http://regnskaber.virk.dk/33156401/ZG9rdW1lbnRsYWdlcjovLzAzLzFmL2E0LzMwLzk2Lzc3ZDctNGY1ZC1hMGMyLTMyY2M0YWQ5OGUyNg.xml"}], "regNummer": null, "indlaesningsTidspunkt": "2018-03-28T14:53:35.715Z", "offentliggoerelsesTidspunkt": "2016-01-01T07:29:41.688Z", "omgoerelse": false, "offentliggoerelsestype": "regnskab"}}, {"_index": "indberetninger-20180424", "_type": "_doc", "_id": "urn:ofk:oid:21852947", "_score": 2.5969775, "_source": {"indlaesningsId": null, "sagsNummer": "X16-AM-66-AJ", "regnskab": {"regnskabsperiode": {"slutDato": "2015-06-30", "startDato": "2014-07-01"}}, "sidstOpdateret": "2016-01-01T11:10:42.437Z", "cvrNummer": 29213399, "dokumenter": [{"dokumentType": "AARSRAPPORT", "dokumentMimeType": "application/xhtml+xml", "dokumentUrl": "http://regnskaber.virk.dk/99331292/ZG9rdW1lbnRsYWdlcjovLzAzLzUyLzMyL2E3LzkwLzUyMzMtNDk1Ny1hYmIwLWJhYzIwMzE2NzAyMA.xhtml"}, {"dokumentType": "AARSRAPPORT", "dokumentMimeType": "application/pdf", "dokumentUrl": "http://regnskaber.virk.dk/99331292/ZG9rdW1lbnRsYWdlcjovLzAzL2Q0LzRlLzZkLzAxLzI2ODAtNDZmMS05NTM4LWMwZWRiMzVlMmIyZQ.pdf"}, {"dokumentType": "AARSRAPPORT", "dokumentMimeType": "application/xml", "dokumentUrl": "http://regnskaber.virk.dk/99331292/ZG9rdW1lbnRsYWdlcjovLzAzL2QzL2RkLzAwLzgxL2ZhNDktNDY3ZC1iZjU2LTc4N2RjMmM4NTM0OA.xml"}], "regNummer": null, "indlaesningsTidspunkt": "2018-03-28T14:53:42.421Z", "offentliggoerelsesTidspunkt": "2016-01-01T11:10:42.211Z", "omgoerelse": false, "offentliggoerelsestype": "regnskab"}}, {"_index": "indberetninger-20180424", "_type": "_doc", "_id": "urn:ofk:oid:21852964", "_score": 2.5969775, "_source": {"indlaesningsId": null, "sagsNummer": "X16-AM-66-HE", "regnskab": {"regnskabsperiode": {"slutDato": "2015-12-31", "startDato": "2015-01-01"}}, "sidstOpdateret": "2016-01-01T12:11:41.725Z", "cvrNummer": 29824266, "dokumenter": [{"dokumentType": "AARSRAPPORT", "dokumentMimeType": "application/pdf", "dokumentUrl": "http://regnskaber.virk.dk/66242892/ZG9rdW1lbnRsYWdlcjovLzAzLzdjLzg4L2NhLzRjL2YzNjItNDg0MS1iYmQ0LTAwYzAzMGNhZWEzYw.pdf"}, {"dokumentType": "AARSRAPPORT", "dokumentMimeType": "application/xml", "dokumentUrl": "http://regnskaber.virk.dk/66242892/ZG9rdW1lbnRsYWdlcjovLzAzLzRlLzhiLzA2L2JlLzU0YmItNDlhOC05ZDA1LTdjZGM0MWMwYWNjOQ.xml"}, {"dokumentType": "AARSRAPPORT", "dokumentMimeType": "application/xhtml+xml", "dokumentUrl": "http://regnskaber.virk.dk/66242892/ZG9rdW1lbnRsYWdlcjovLzAzL2U5L2ZiLzljL2Q2L2Y2N2EtNGI2ZS05OTIwLWI1YTE4MTk5YWU3ZQ.xhtml"}], "regNummer": null, "indlaesningsTidspunkt": "2018-03-28T14:53:44.161Z", "offentliggoerelsesTidspunkt": "2016-01-01T12:11:41.592Z", "omgoerelse": false, "offentliggoerelsestype": "regnskab"}}, {"_index": "indberetninger-20180424", "_type": "_doc", "_id": "urn:ofk:oid:21853087", "_score": 2.5969775, "_source": {"indlaesningsId": null, "sagsNummer": "X16-AM-67-BM", "regnskab": {"regnskabsperiode": {"slutDato": "2015-09-30", "startDato": "2014-10-01"}}, "sidstOpdateret": "2016-01-01T18:03:41.767Z", "cvrNummer": 29510199, "dokumenter": [{"dokumentType": "AARSRAPPORT", "dokumentMimeType": "application/pdf", "dokumentUrl": "http://regnskaber.virk.dk/99101592/ZG9rdW1lbnRsYWdlcjovLzAzL2E2L2JmL2M5L2IzL2Q5ZmMtNDEyYS05NDU5LTZlOTdkNjNmODM1ZA.pdf"}, {"dokumentType": "AARSRAPPORT", "dokumentMimeType": "application/xhtml+xml", "dokumentUrl": "http://regnskaber.virk.dk/99101592/ZG9rdW1lbnRsYWdlcjovLzAzLzQxL2I4LzI1LzJmLzdkNWMtNGViZi1hOWYzLTAzNjhlOGQyN2NlNQ.xhtml"}, {"dokumentType": "AARSRAPPORT", "dokumentMimeType": "application/xml", "dokumentUrl": "http://regnskaber.virk.dk/99101592/ZG9rdW1lbnRsYWdlcjovLzAzL2NiLzUwLzZjL2JiLzJkMzMtNDlkOS04Nzc5LTE2MmQxNDZlM2Q4Mg.xml"}], "regNummer": null, "indlaesningsTidspunkt": "2018-03-28T14:54:00.818Z", "offentliggoerelsesTidspunkt": "2016-01-01T18:03:41.617Z", "omgoerelse": false, "offentliggoerelsestype": "regnskab"}}, {"_index": "indberetninger-20180424", "_type": "_doc", "_id": "urn:ofk:oid:21852917", "_score": 2.5963147, "_source": {"indlaesningsId": null, "sagsNummer": "X15-AM-11-YN", "regnskab": {"regnskabsperiode": {"slutDato": "2015-12-31", "startDato": "2015-01-01"}}, "sidstOpdateret": "2016-01-01T07:26:39.172Z", "cvrNummer": 28978901, "dokumenter": [{"dokumentType": "AARSRAPPORT", "dokumentMimeType": "application/xhtml+xml", "dokumentUrl": "http://regnskaber.virk.dk/10987982/ZG9rdW1lbnRsYWdlcjovLzAzLzBhLzhiLzNjLzU1L2Q0OWQtNDVjMi1hMWE4LTIzYzMzYWU5MDBhMA.xhtml"}, {"dokumentType": "AARSRAPPORT", "dokumentMimeType": "application/xml", "dokumentUrl": "http://regnskaber.virk.dk/10987982/ZG9rdW1lbnRsYWdlcjovLzAzLzZjLzE5L2JiL2M0Lzg3ZDgtNGMxYS04MzI2LTRlNzQ5OWVkNDMzNw.xml"}, {"dokumentType": "AARSRAPPORT", "dokumentMimeType": "application/pdf", "dokumentUrl": "http://regnskaber.virk.dk/10987982/ZG9rdW1lbnRsYWdlcjovLzAzL2IwLzNhL2Y2LzNiL2RjM2UtNGM0NS05YzgyLTA0NzJkN2MwZDEwNw.pdf"}], "regNummer": null, "indlaesningsTidspunkt": "2018-03-28T14:53:34.187Z", "offentliggoerelsesTidspunkt": "2016-01-01T07:25:43.513Z", "omgoerelse": false, "offentliggoerelsestype": "regnskab"}}, {"_index": "indberetninger-20180424", "_type": "_doc", "_id": "urn:ofk:oid:21852905", "_score": 2.5963147, "_source": {"indlaesningsId": null, "sagsNummer": "X15-AM-12-FA", "regnskab": {"regnskabsperiode": {"slutDato": "2015-12-31", "startDato": "2015-01-01"}}, "sidstOpdateret": "2016-01-01T07:18:41.781Z", "cvrNummer": 25512294, "dokumenter": [{"dokumentType": "AARSRAPPORT", "dokumentMimeType": "application/xml", "dokumentUrl": "http://regnskaber.virk.dk/49221552/ZG9rdW1lbnRsYWdlcjovLzAzLzlkLzQxLzUzLzE1LzNjNjQtNDMwOC1iNDUzLTA0MTJiZGRiOThjMQ.xml"}, {"dokumentType": "AARSRAPPORT", "dokumentMimeType": "application/xhtml+xml", "dokumentUrl": "http://regnskaber.virk.dk/49221552/ZG9rdW1lbnRsYWdlcjovLzAzLzJjLzI4L2E4LzBkL2ZkYjctNDE2NC1iOWVmLTE3OGQ3MTFjZjQ5Yg.xhtml"}, {"dokumentType": "AARSRAPPORT", "dokumentMimeType": "application/pdf", "dokumentUrl": "http://regnskaber.virk.dk/49221552/ZG9rdW1lbnRsYWdlcjovLzAzL2M0LzliLzhjLzlkLzljODEtNGU1MC04Y2Y0LWQzNDVkYzgxOWZiYw.pdf"}], "regNummer": null, "indlaesningsTidspunkt": "2018-03-28T14:53:29.902Z", "offentliggoerelsesTidspunkt": "2016-01-01T07:18:41.649Z", "omgoerelse": false, "offentliggoerelsestype": "regnskab"}}, {"_index": "indberetninger-20180424", "_type": "_doc", "_id": "urn:ofk:oid:21852909", "_score": 2.5963147, "_source": {"indlaesningsId": null, "sagsNummer": "X15-AM-12-DA", "regnskab": {"regnskabsperiode": {"slutDato": "2015-12-31", "startDato": "2015-01-01"}}, "sidstOpdateret": "2016-01-01T07:21:44.478Z", "cvrNummer": 25512448, "dokumenter": [{"dokumentType": "AARSRAPPORT", "dokumentMimeType": "application/xml", "dokumentUrl": "http://regnskaber.virk.dk/84421552/ZG9rdW1lbnRsYWdlcjovLzAzL2VhLzMwL2ZkL2VlLzNlY2MtNDU2NS05ZDUwLWM0NDgwOTBkY2Y5Nw.xml"}, {"dokumentType": "AARSRAPPORT", "dokumentMimeType": "application/pdf", "dokumentUrl": "http://regnskaber.virk.dk/84421552/ZG9rdW1lbnRsYWdlcjovLzAzLzY3L2YxLzVhLzRmLzQ3YWItNDYzNC1hNGZkLWNiYzkyZjY1NzRhMw.pdf"}, {"dokumentType": "AARSRAPPORT", "dokumentMimeType": "application/xhtml+xml", "dokumentUrl": "http://regnskaber.virk.dk/84421552/ZG9rdW1lbnRsYWdlcjovLzAzLzk2LzVhL2QzLzZhLzI4YjAtNDk0MS1iZTdjLWIyZmRhN2FjNjQ0ZA.xhtml"}], "regNummer": null, "indlaesningsTidspunkt": "2018-03-28T14:53:31.336Z", "offentliggoerelsesTidspunkt": "2016-01-01T07:21:44.295Z", "omgoerelse": false, "offentliggoerelsestype": "regnskab"}}, {"_index": "indberetninger-20180424", "_type": "_doc", "_id": "urn:ofk:oid:21852913", "_score": 2.5963147, "_source": {"indlaesningsId": null, "sagsNummer": "X15-AM-12-AB", "regnskab": {"regnskabsperiode": {"slutDato": "2015-12-31", "startDato": "2015-01-01"}}, "sidstOpdateret": "2016-01-01T07:24:42.206Z", "cvrNummer": 28711395, "dokumenter": [{"dokumentType": "AARSRAPPORT", "dokumentMimeType": "application/xhtml+xml", "dokumentUrl": "http://regnskaber.virk.dk/59311782/ZG9rdW1lbnRsYWdlcjovLzAzLzA3L2FhL2E1L2QyLzA2N2MtNDk5Yi05N2JjLWQwNmZhYzgwOGI1NA.xhtml"}, {"dokumentType": "AARSRAPPORT", "dokumentMimeType": "application/xml", "dokumentUrl": "http://regnskaber.virk.dk/59311782/ZG9rdW1lbnRsYWdlcjovLzAzLzQzLzNmL2UwLzE2LzZiMjQtNGFjMC05MTA3LTA3YWI2N2YwZjJiMw.xml"}, {"dokumentType": "AARSRAPPORT", "dokumentMimeType": "application/pdf", "dokumentUrl": "http://regnskaber.virk.dk/59311782/ZG9rdW1lbnRsYWdlcjovLzAzLzBiL2I3L2JhLzY4L2IwMGYtNDUwZC1hNzc5LThlMTQxOTM4YTVhMw.pdf"}], "regNummer": null, "indlaesningsTidspunkt": "2018-03-28T14:53:32.816Z", "offentliggoerelsesTidspunkt": "2016-01-01T07:24:41.938Z", "omgoerelse": false, "offentliggoerelsestype": "regnskab"}}, {"_index": "indberetninger-20180424", "_type": "_doc", "_id": "urn:ofk:oid:21853030", "_score": 2.5963147, "_source": {"indlaesningsId": null, "sagsNummer": "X16-AM-66-SY", "regnskab": {"regnskabsperiode": {"slutDato": "2015-12-31", "startDato": "2015-01-01"}}, "sidstOpdateret": "2016-01-01T15:07:42.371Z", "cvrNummer": 19173607, "dokumenter": [{"dokumentType": "AARSRAPPORT", "dokumentMimeType": "application/xml", "dokumentUrl": "http://regnskaber.virk.dk/70637191/ZG9rdW1lbnRsYWdlcjovLzAzL2NmLzQ3Lzk3L2ZmLzA3NjUtNDM2ZS05NTM3LTAyY2UzNGJhODJkZQ.xml"}, {"dokumentType": "AARSRAPPORT", "dokumentMimeType": "application/pdf", "dokumentUrl": "http://regnskaber.virk.dk/70637191/ZG9rdW1lbnRsYWdlcjovLzAzLzQ5LzFkLzk3LzU0LzE4MDMtNDNjNi04OTc3LWMxN2U1YmRhNWZkNw.pdf"}, {"dokumentType": "AARSRAPPORT", "dokumentMimeType": "application/xhtml+xml", "dokumentUrl": "http://regnskaber.virk.dk/70637191/ZG9rdW1lbnRsYWdlcjovLzAzLzkxLzYyLzNjLzRmLzlhYmQtNGE2Ni1hMTY0LWVjZmZlMWUxM2FiMA.xhtml"}], "regNummer": null, "indlaesningsTidspunkt": "2018-03-28T14:53:54.208Z", "offentliggoerelsesTidspunkt": "2016-01-01T15:07:42.230Z", "omgoerelse": false, "offentliggoerelsestype": "regnskab"}}, {"_index": "indberetninger-20180424", "_type": "_doc", "_id": "urn:ofk:oid:21853119", "_score": 2.5963147, "_source": {"indlaesningsId": null, "sagsNummer": "X15-AM-63-SG", "regnskab": {"regnskabsperiode": {"slutDato": "2015-07-31", "startDato": "2014-08-01"}}, "sidstOpdateret": "2016-01-01T21:02:42.163Z", "cvrNummer": 10153565, "dokumenter": [{"dokumentType": "AARSRAPPORT", "dokumentMimeType": "application/xml", "dokumentUrl": "http://regnskaber.virk.dk/56535101/ZG9rdW1lbnRsYWdlcjovLzAzL2UwLzkyL2E3L2Q0LzJjMGItNDFiYy04Y2ZhLWIwZTM3NDAzOGNmYg.xml"}, {"dokumentType": "AARSRAPPORT", "dokumentMimeType": "application/pdf", "dokumentUrl": "http://regnskaber.virk.dk/56535101/ZG9rdW1lbnRsYWdlcjovLzAzLzNkL2MwL2EzL2U5LzI1Y2MtNGM5NS1hNDJiLTdmYTk1OTUxNTI4MA.pdf"}, {"dokumentType": "AARSRAPPORT", "dokumentMimeType": "application/xhtml+xml", "dokumentUrl": "http://regnskaber.virk.dk/56535101/ZG9rdW1lbnRsYWdlcjovLzAzLzNjLzVlLzZlLzEwLzg2Y2MtNGYzZC1hMGI4LWFlNjZjNTE1ZWVkOA.xhtml"}], "regNummer": null, "indlaesningsTidspunkt": "2018-03-28T14:54:04.552Z", "offentliggoerelsesTidspunkt": "2016-01-01T21:02:42.003Z", "omgoerelse": false, "offentliggoerelsestype": "regnskab"}}, {"_index": "indberetninger-20180424", "_type": "_doc", "_id": "urn:ofk:oid:21853024", "_score": 2.59408, "_source": {"indlaesningsId": null, "sagsNummer": "X16-AM-66-TD", "regnskab": {"regnskabsperiode": {"slutDato": "2015-12-31", "startDato": "2015-01-01"}}, "sidstOpdateret": "2016-01-01T15:06:42.185Z", "cvrNummer": 36086211, "dokumenter": [{"dokumentType": "AARSRAPPORT", "dokumentMimeType": "application/xhtml+xml", "dokumentUrl": "http://regnskaber.virk.dk/11268063/ZG9rdW1lbnRsYWdlcjovLzAzLzNhLzQ3L2I0Lzg1LzQ5ZmUtNGM1Yy05NzEzLThmZGZmMmE0MzhlNw.xhtml"}, {"dokumentType": "AARSRAPPORT", "dokumentMimeType": "application/pdf", "dokumentUrl": "http://regnskaber.virk.dk/11268063/ZG9rdW1lbnRsYWdlcjovLzAzL2Y1L2U3LzgzL2QxL2JhZDQtNDEyMy04OTg0LWQwMGE2NzRlYTU2Nw.pdf"}, {"dokumentType": "AARSRAPPORT", "dokumentMimeType": "application/xml", "dokumentUrl": "http://regnskaber.virk.dk/11268063/ZG9rdW1lbnRsYWdlcjovLzAzL2QyL2I4L2ZkLzA1L2I0OTktNDQ0MC1iNDEwLWVkMTc5MmJlZGQwNA.xml"}], "regNummer": null, "indlaesningsTidspunkt": "2018-03-28T14:53:52.844Z", "offentliggoerelsesTidspunkt": "2016-01-01T15:06:41.670Z", "omgoerelse": false, "offentliggoerelsestype": "regnskab"}}, {"_index": "indberetninger-20180424", "_type": "_doc", "_id": "urn:ofk:oid:21853091", "_score": 2.59408, "_source": {"indlaesningsId": null, "sagsNummer": "X16-AM-67-DD", "regnskab": {"regnskabsperiode": {"slutDato": "2015-09-30", "startDato": "2014-06-30"}}, "sidstOpdateret": "2016-01-01T18:13:41.821Z", "cvrNummer": 36025298, "dokumenter": [{"dokumentType": "AARSRAPPORT", "dokumentMimeType": "application/pdf", "dokumentUrl": "http://regnskaber.virk.dk/89252063/ZG9rdW1lbnRsYWdlcjovLzAzLzRhL2VkLzg2L2M2L2U2MzYtNGU1My04ZTgyLTEwZWRhYWZlNjViNQ.pdf"}, {"dokumentType": "AARSRAPPORT", "dokumentMimeType": "application/xml", "dokumentUrl": "http://regnskaber.virk.dk/89252063/ZG9rdW1lbnRsYWdlcjovLzAzL2M4LzA5LzMwLzg5LzhiYWUtNGFlNi04NjczLWU3MmRmNWVmNTFlNg.xml"}, {"dokumentType": "AARSRAPPORT", "dokumentMimeType": "application/xhtml+xml", "dokumentUrl": "http://regnskaber.virk.dk/89252063/ZG9rdW1lbnRsYWdlcjovLzAzLzZjL2QxLzRlL2Q1LzdkMTYtNGM1ZC05NDIzLTlkNGI2NmQzMzY1Nw.xhtml"}], "regNummer": null, "indlaesningsTidspunkt": "2018-03-28T14:54:02.012Z", "offentliggoerelsesTidspunkt": "2016-01-01T18:13:41.701Z", "omgoerelse": false, "offentliggoerelsestype": "regnskab"}}, {"_index": "indberetninger-20180424", "_type": "_doc", "_id": "urn:ofk:oid:21853008", "_score": 2.59408, "_source": {"indlaesningsId": null, "sagsNummer": "X16-AM-66-RQ", "regnskab": {"regnskabsperiode": {"slutDato": "2015-09-30", "startDato": "2014-10-01"}}, "sidstOpdateret": "2016-01-01T14:37:43.585Z", "cvrNummer": 32566243, "dokumenter": [{"dokumentType": "AARSRAPPORT", "dokumentMimeType": "application/xhtml+xml", "dokumentUrl": "http://regnskaber.virk.dk/34266523/ZG9rdW1lbnRsYWdlcjovLzAzL2E4LzY4L2IxLzM2L2NhZTUtNDI5Ni1hYmI1LWNmYWE1MzE5MWM4OA.xhtml"}, {"dokumentType": "AARSRAPPORT", "dokumentMimeType": "application/xml", "dokumentUrl": "http://regnskaber.virk.dk/34266523/ZG9rdW1lbnRsYWdlcjovLzAzL2FjL2ZjLzc0LzM2LzQxYzItNGZiMi1iZGNmLTM4MjcyY2I1MTM2NQ.xml"}, {"dokumentType": "AARSRAPPORT", "dokumentMimeType": "application/pdf", "dokumentUrl": "http://regnskaber.virk.dk/34266523/ZG9rdW1lbnRsYWdlcjovLzAzLzUyLzdjLzU2LzI1L2I4MjctNGU0Ni1hNjA3LTY5YjliYTE4MWQ4ZA.pdf"}], "regNummer": null, "indlaesningsTidspunkt": "2018-03-28T14:53:50.469Z", "offentliggoerelsesTidspunkt": "2016-01-01T14:37:43.453Z", "omgoerelse": false, "offentliggoerelsestype": "regnskab"}}, {"_index": "indberetninger-20180424", "_type": "_doc", "_id": "urn:ofk:oid:21853135", "_score": 2.59408, "_source": {"indlaesningsId": null, "sagsNummer": "X15-AM-20-TS", "regnskab": {"regnskabsperiode": {"slutDato": "2015-06-30", "startDato": "2014-08-20"}}, "sidstOpdateret": "2016-01-01T23:21:43.613Z", "cvrNummer": 36073322, "dokumenter": [{"dokumentType": "AARSRAPPORT", "dokumentMimeType": "application/xml", "dokumentUrl": "http://regnskaber.virk.dk/22337063/ZG9rdW1lbnRsYWdlcjovLzAzLzM2L2VhL2Y1LzU5LzcyM2YtNDJiZS1iNDdjLTZlZTk2MzVjOTQ1OQ.xml"}, {"dokumentType": "AARSRAPPORT", "dokumentMimeType": "application/xhtml+xml", "dokumentUrl": "http://regnskaber.virk.dk/22337063/ZG9rdW1lbnRsYWdlcjovLzAzL2I3LzdkL2ExLzBjL2Y4ZmYtNDdiZS1hNTEwLTJkNzgyZGQyOGY4YQ.xhtml"}, {"dokumentType": "AARSRAPPORT", "dokumentMimeType": "application/pdf", "dokumentUrl": "http://regnskaber.virk.dk/22337063/ZG9rdW1lbnRsYWdlcjovLzAzL2UxLzkyL2Y4L2M1LzIwMzgtNDE2ZS1hNjYyLTI5ZWMwYzAwNzBjOQ.pdf"}], "regNummer": null, "indlaesningsTidspunkt": "2018-03-28T14:54:06.570Z", "offentliggoerelsesTidspunkt": "2016-01-01T23:21:42.982Z", "omgoerelse": false, "offentliggoerelsestype": "regnskab"}}, {"_index": "indberetninger-20180424", "_type": "_doc", "_id": "urn:ofk:oid:21852929", "_score": 2.59408, "_source": {"indlaesningsId": null, "sagsNummer": "X15-AF-88-HJ", "regnskab": {"regnskabsperiode": {"slutDato": "2015-12-31", "startDato": "2015-01-01"}}, "sidstOpdateret": "2016-01-01T07:33:41.865Z", "cvrNummer": 34080852, "dokumenter": [{"dokumentType": "AARSRAPPORT", "dokumentMimeType": "application/xml", "dokumentUrl": "http://regnskaber.virk.dk/25808043/ZG9rdW1lbnRsYWdlcjovLzAzL2VkLzA1LzI1LzBmLzg2ZTYtNDc3OC04OTc1LWQzNmY3OTJkYmVlZg.xml"}, {"dokumentType": "AARSRAPPORT", "dokumentMimeType": "application/xhtml+xml", "dokumentUrl": "http://regnskaber.virk.dk/25808043/ZG9rdW1lbnRsYWdlcjovLzAzLzk0LzFjL2RjLzE2LzI1ZmMtNDBiZC04ZTVmLWE1YWIwODliYjY4Yw.xhtml"}, {"dokumentType": "AARSRAPPORT", "dokumentMimeType": "application/pdf", "dokumentUrl": "http://regnskaber.virk.dk/25808043/ZG9rdW1lbnRsYWdlcjovLzAzLzA3LzZhLzVjL2FhLzJjYjgtNDYyNy04Zjc4LTY2MTQ5NTFiYmYwZA.pdf"}], "regNummer": null, "indlaesningsTidspunkt": "2018-03-28T14:53:39.421Z", "offentliggoerelsesTidspunkt": "2016-01-01T07:33:41.644Z", "omgoerelse": false, "offentliggoerelsestype": "regnskab"}}, {"_index": "indberetninger-20180424", "_type": "_doc", "_id": "urn:ofk:oid:21853075", "_score": 2.5138173, "_source": {"indlaesningsId": null, "sagsNummer": "X16-AM-67-AS", "regnskab": {"regnskabsperiode": {"slutDato": "2015-09-30", "startDato": "2014-10-01"}}, "sidstOpdateret": "2016-01-01T17:08:41.817Z", "cvrNummer": 31853370, "dokumenter": [{"dokumentType": "AARSRAPPORT", "dokumentMimeType": "application/xml", "dokumentUrl": "http://regnskaber.virk.dk/07335813/ZG9rdW1lbnRsYWdlcjovLzAzLzlmL2I1LzNhLzIxLzNmNjktNGRmMi04NTlmLTdmODYwYzg0NDY5Yg.xml"}, {"dokumentType": "AARSRAPPORT", "dokumentMimeType": "application/pdf", "dokumentUrl": "http://regnskaber.virk.dk/07335813/ZG9rdW1lbnRsYWdlcjovLzAzL2VjLzA4LzI0L2Y2LzJjNTctNGVlMy1iMDZkLWRmZjZhYzA5ZTZmNg.pdf"}], "regNummer": null, "indlaesningsTidspunkt": "2018-03-28T14:53:55.455Z", "offentliggoerelsesTidspunkt": "2016-01-01T17:08:41.721Z", "omgoerelse": false, "offentliggoerelsestype": "regnskab"}}, {"_index": "indberetninger-20180424", "_type": "_doc", "_id": "urn:ofk:oid:21853084", "_score": 2.5138173, "_source": {"indlaesningsId": null, "sagsNummer": "X16-AM-67-AY", "regnskab": {"regnskabsperiode": {"slutDato": "2015-09-30", "startDato": "2014-10-01"}}, "sidstOpdateret": "2016-01-01T17:11:41.769Z", "cvrNummer": 29917795, "dokumenter": [{"dokumentType": "AARSRAPPORT", "dokumentMimeType": "application/xml", "dokumentUrl": "http://regnskaber.virk.dk/59771992/ZG9rdW1lbnRsYWdlcjovLzAzLzY3LzA4L2NhLzAwL2MxN2EtNDgyMS04ZTljLTQ0MTg2OWMzMjUzYQ.xml"}, {"dokumentType": "AARSRAPPORT", "dokumentMimeType": "application/pdf", "dokumentUrl": "http://regnskaber.virk.dk/59771992/ZG9rdW1lbnRsYWdlcjovLzAzLzhkLzE4LzMyLzllLzEwMTItNGU2ZC1hOTQ2LWE2NDcwY2U0OGQ3NA.pdf"}], "regNummer": null, "indlaesningsTidspunkt": "2018-03-28T14:53:59.312Z", "offentliggoerelsesTidspunkt": "2016-01-01T17:11:41.635Z", "omgoerelse": false, "offentliggoerelsestype": "regnskab"}}, {"_index": "indberetninger-20180424", "_type": "_doc", "_id": "urn:ofk:oid:21853081", "_score": 2.5109982, "_source": {"indlaesningsId": null, "sagsNummer": "X16-AM-67-AW", "regnskab": {"regnskabsperiode": {"slutDato": "2015-09-30", "startDato": "2014-10-01"}}, "sidstOpdateret": "2016-01-01T17:10:41.753Z", "cvrNummer": 29918163, "dokumenter": [{"dokumentType": "AARSRAPPORT", "dokumentMimeType": "application/xml", "dokumentUrl": "http://regnskaber.virk.dk/36181992/ZG9rdW1lbnRsYWdlcjovLzAzLzFiLzY0L2UxLzAwLzliYTQtNGRiMy1iMjBiLWM1ZThlOWE3NzE0ZA.xml"}, {"dokumentType": "AARSRAPPORT", "dokumentMimeType": "application/pdf", "dokumentUrl": "http://regnskaber.virk.dk/36181992/ZG9rdW1lbnRsYWdlcjovLzAzLzgwL2MxLzI2L2JiLzZlMjQtNDQ5NS1hODBhLWQyZjFjNDE1MDY3ZQ.pdf"}], "regNummer": null, "indlaesningsTidspunkt": "2018-03-28T14:53:58.084Z", "offentliggoerelsesTidspunkt": "2016-01-01T17:10:41.656Z", "omgoerelse": false, "offentliggoerelsestype": "regnskab"}}, {"_index": "indberetninger-20180424", "_type": "_doc", "_id": "urn:ofk:oid:21853078", "_score": 2.5109982, "_source": {"indlaesningsId": null, "sagsNummer": "X16-AM-67-AU", "regnskab": {"regnskabsperiode": {"slutDato": "2015-09-30", "startDato": "2014-10-01"}}, "sidstOpdateret": "2016-01-01T17:09:41.770Z", "cvrNummer": 31361737, "dokumenter": [{"dokumentType": "AARSRAPPORT", "dokumentMimeType": "application/pdf", "dokumentUrl": "http://regnskaber.virk.dk/73716313/ZG9rdW1lbnRsYWdlcjovLzAzL2QxLzhmL2U0L2E4L2NlY2MtNDRmMC05NTZlLTg4NzQ3NWI3NzQyMg.pdf"}, {"dokumentType": "AARSRAPPORT", "dokumentMimeType": "application/xml", "dokumentUrl": "http://regnskaber.virk.dk/73716313/ZG9rdW1lbnRsYWdlcjovLzAzLzg5LzQwL2M4L2E5LzA5ZGYtNDk5MC1iMWZiLWQzZWIyMDhhNzY2Nw.xml"}], "regNummer": null, "indlaesningsTidspunkt": "2018-03-28T14:53:56.814Z", "offentliggoerelsesTidspunkt": "2016-01-01T17:09:41.612Z", "omgoerelse": false, "offentliggoerelsestype": "regnskab"}}, {"_index": "indberetninger-20180424", "_type": "_doc", "_id": "urn:ofk:oid:21853000", "_score": 2.5109982, "_source": {"indlaesningsId": null, "sagsNummer": "X16-AM-66-QG", "regnskab": {"regnskabsperiode": {"slutDato": "2015-12-31", "startDato": "2015-11-01"}}, "sidstOpdateret": "2016-01-01T13:51:42.079Z", "cvrNummer": 37198390, "dokumenter": [{"dokumentType": "AARSRAPPORT", "dokumentMimeType": "application/xml", "dokumentUrl": "http://regnskaber.virk.dk/09389173/ZG9rdW1lbnRsYWdlcjovLzAzL2I5LzBlLzIxL2E4L2Q2OWMtNDhjMS05OTE1LWJmY2E2Y2E2MDRiMg.xml"}, {"dokumentType": "AARSRAPPORT", "dokumentMimeType": "application/pdf", "dokumentUrl": "http://regnskaber.virk.dk/09389173/ZG9rdW1lbnRsYWdlcjovLzAzLzkyLzRiL2EwLzU5LzY3YmQtNGJhMC05ZjhkLTIyZTk0NDQ0N2Q3NA.pdf"}], "regNummer": null, "indlaesningsTidspunkt": "2018-03-28T14:53:49.234Z", "offentliggoerelsesTidspunkt": "2016-01-01T13:51:41.911Z", "omgoerelse": false, "offentliggoerelsestype": "regnskab"}}]}}