Year,Start_date,ProfitLoss,GrossResult,Assets,AverageNumberOfEmployees,Equity,AddressOfReportingEntityPostCodeIdentifier
13,2011-01-01,0.0,6862458.0,9929863.0,0.0,3470860.0,1300 KÃ¸benhavn K
13,2012-01-01,1500000.0,8986268.0,19846157.0,0.0,5568132.0,1300 KÃ¸benhavn K
14,2013-01-01,1000000.0,9916247.0,20528771.0,0.0,6482792.0,1300 KÃ¸benhavn K
15,2014-01-01,800000.0,8367175.0,21043721.0,0.0,5931342.0,1300 KÃ¸benhavn K
16,2015-01-01,0.0,18206668.0,50460673.0,0.0,11285742.0,1256 KÃ¸benhavn K
